--
-- Script was generated by Devart dbForge Studio 2020 for MySQL, Version 9.0.435.0
-- Product home page: http://www.devart.com/dbforge/mysql/studio
-- Script date 11/8/2020 8:15:46 PM
-- Server version: 5.6.49
-- Client version: 4.1
--

-- 
-- Disable foreign keys
-- 
/*!40014 SET @OLD_FOREIGN_KEY_CHECKS=@@FOREIGN_KEY_CHECKS, FOREIGN_KEY_CHECKS=0 */;

-- 
-- Set SQL mode
-- 
/*!40101 SET @OLD_SQL_MODE=@@SQL_MODE, SQL_MODE='NO_AUTO_VALUE_ON_ZERO' */;

-- 
-- Set character set the client will use to send SQL statements to the server
--
SET NAMES 'utf8';

--
-- Set default database
--
USE n36;

--
-- Drop table `menu`
--
DROP TABLE IF EXISTS menu;

--
-- Drop table `news`
--
DROP TABLE IF EXISTS news;

--
-- Drop table `news_media`
--
DROP TABLE IF EXISTS news_media;

--
-- Drop table `news_type`
--
DROP TABLE IF EXISTS news_type;

--
-- Drop table `types`
--
DROP TABLE IF EXISTS types;

--
-- Drop table `users`
--
DROP TABLE IF EXISTS users;

--
-- Set default database
--
USE n36;

--
-- Create table `users`
--
CREATE TABLE users (
  id int(11) NOT NULL AUTO_INCREMENT,
  name_e varchar(200) NOT NULL,
  name_h varchar(500) CHARACTER SET utf8 COLLATE utf8_unicode_ci NOT NULL,
  profile_pic varchar(500) NOT NULL,
  identity varchar(50) NOT NULL,
  password varchar(20) NOT NULL,
  status tinyint(1) NOT NULL DEFAULT 1,
  PRIMARY KEY (id)
)
ENGINE = INNODB,
AUTO_INCREMENT = 2,
CHARACTER SET utf8mb4,
COLLATE utf8mb4_general_ci;

--
-- Create table `types`
--
CREATE TABLE types (
  id int(11) NOT NULL AUTO_INCREMENT,
  type varchar(200) NOT NULL,
  display_name varchar(200) NOT NULL,
  status tinyint(1) NOT NULL DEFAULT 1,
  PRIMARY KEY (id)
)
ENGINE = INNODB,
AUTO_INCREMENT = 7,
AVG_ROW_LENGTH = 2730,
CHARACTER SET utf8mb4,
COLLATE utf8mb4_general_ci;

--
-- Create table `news_type`
--
CREATE TABLE news_type (
  id int(11) NOT NULL AUTO_INCREMENT,
  news_id int(11) NOT NULL,
  type int(11) NOT NULL,
  status tinyint(1) NOT NULL DEFAULT 1,
  PRIMARY KEY (id)
)
ENGINE = INNODB,
AUTO_INCREMENT = 35,
AVG_ROW_LENGTH = 862,
CHARACTER SET utf8mb4,
COLLATE utf8mb4_general_ci;

--
-- Create index `news_id` on table `news_type`
--
ALTER TABLE news_type
ADD INDEX news_id (news_id);

--
-- Create index `type` on table `news_type`
--
ALTER TABLE news_type
ADD INDEX type (type);

--
-- Create table `news_media`
--
CREATE TABLE news_media (
  id int(11) NOT NULL AUTO_INCREMENT,
  news_id int(11) NOT NULL,
  type enum ('image', 'video', 'audio') NOT NULL,
  media_name varchar(500) NOT NULL,
  status tinyint(1) NOT NULL DEFAULT 1,
  PRIMARY KEY (id)
)
ENGINE = INNODB,
AUTO_INCREMENT = 10,
AVG_ROW_LENGTH = 2730,
CHARACTER SET utf8,
COLLATE utf8_unicode_ci;

--
-- Create index `news_id` on table `news_media`
--
ALTER TABLE news_media
ADD INDEX news_id (news_id);

--
-- Create table `news`
--
CREATE TABLE news (
  id int(11) NOT NULL AUTO_INCREMENT,
  title_hindi varchar(1000) NOT NULL,
  title_english varchar(1000) NOT NULL,
  slug varchar(1000) DEFAULT NULL,
  content text NOT NULL,
  meta_title varchar(100) NOT NULL,
  meta_keyword text NOT NULL,
  meta_desc text NOT NULL,
  publish tinyint(1) NOT NULL DEFAULT 0,
  created_at datetime NOT NULL,
  published_at datetime DEFAULT NULL,
  created_by int(11) DEFAULT NULL,
  status tinyint(1) NOT NULL DEFAULT 1,
  PRIMARY KEY (id)
)
ENGINE = INNODB,
AUTO_INCREMENT = 15,
AVG_ROW_LENGTH = 8192,
CHARACTER SET utf8,
COLLATE utf8_unicode_ci;

--
-- Create table `menu`
--
CREATE TABLE menu (
  id int(11) NOT NULL AUTO_INCREMENT,
  name_hindi varchar(200) NOT NULL,
  name_english varchar(200) NOT NULL,
  link varchar(500) NOT NULL,
  parent_Id int(11) DEFAULT 0,
  display_order int(11) NOT NULL,
  status tinyint(1) NOT NULL DEFAULT 1,
  PRIMARY KEY (id)
)
ENGINE = INNODB,
AUTO_INCREMENT = 8,
AVG_ROW_LENGTH = 2340,
CHARACTER SET utf8,
COLLATE utf8_unicode_ci;

-- 
-- Dumping data for table users
--
INSERT INTO users VALUES
(1, 'News36 desk', 'News36 desk', 'news-36desk.jpg', 'tara', 'sinha', 1);

-- 
-- Dumping data for table types
--
INSERT INTO types VALUES
(1, 'latest_news', 'Latest News', 1),
(2, 'trending_news', 'Trending News', 1),
(3, 'today_story', 'Today Story', 1),
(4, 'feature_news', 'Feature News', 1),
(5, 'entertainment_news', 'Entertainment News', 1),
(6, 'sport_news', 'Sport News', 1);

-- 
-- Dumping data for table news_type
--
INSERT INTO news_type VALUES
(10, 7, 2, 1),
(13, 8, 1, 1),
(15, 1, 1, 1),
(16, 1, 2, 1),
(17, 1, 3, 1),
(18, 1, 4, 1),
(21, 3, 2, 1),
(22, 3, 4, 1),
(23, 5, 2, 1),
(24, 5, 4, 1),
(25, 9, 4, 1),
(26, 2, 1, 1),
(27, 2, 4, 1),
(28, 10, 2, 1),
(29, 6, 2, 1),
(30, 4, 2, 1),
(31, 11, 2, 1),
(32, 12, 1, 1),
(33, 13, 1, 1),
(34, 14, 1, 1);

-- 
-- Dumping data for table news_media
--
INSERT INTO news_media VALUES
(1, 1, 'image', '1603892346_404.png', 1),
(2, 2, 'image', '1604220391_WhatsApp_Image_2020-11-01_at_14_11_03.png\r\n', 1),
(3, 3, 'image', '1604672604_rajyotasav.png', 1),
(4, 5, 'image', '1604674781_gass_cylinder.png', 1),
(5, 7, 'image', '1604678766_crime.png', 1),
(6, 8, 'image', '1604681038_prakash.png', 1),
(7, 9, 'image', '1604837172_WhatsApp_Image_2020-11-08_at_17_02_36.png', 1),
(8, 10, 'image', '1604841206_WhatsApp_Image_2020-11-08_at_15_43_51__1_.png', 1),
(9, 14, 'image', '1604844344_mask.jpg', 1);

-- 
-- Dumping data for table news
--
INSERT INTO news VALUES
(1, 'कांग्रेस बोली-CM शिवराज सरकारी खर्चे पर कर रहे बीजेपी का प्रचार, चुनाव आयोग से की शिकायत', 'news title in hindi', 'news-title-in-hindi-1', '<p>test news HEllo how are you i am fine.</p>', 'test news', 'test news', 'test news', 0, '2020-11-07 19:54:59', '2020-10-28 19:09:06', 1, 1),
(2, 'प्रमाणित बीज हुआ महंगा, अनुदान राशि में कटौती', 'Certified seed becomes expensive, subsidy cut', 'Certified-seed-becomes-expensive,-subsidy-cut-2', '<p><br />\r\n<br />\r\n<strong>भिलाई</strong>.छत्तीसगढ़ राज्य बीज एवं कृषि विकास निगम लिमिटेड ने रबी फसलों के लिए आधार/ प्रमाणित बीजों के दाम तय कर दिए हैं। निगम ने प्रमाणित बीजों में पिछले साल के मुकाबले 2020-21 में गेहंू उत्पादक किसानों को राहत दी गई है, जबकि अन्य सभी बीजों के दाम में बढ़ोतरी हुई है। आधार बीजों की विक्रय की दरें, प्रमाणित बीजों दरों से 100 रुपए प्रति क्विंटल अधिक है।&nbsp;<br />\r\n<strong>कम मिलेगा अनुदान</strong><br />\r\nसहकारी मर्यादित समितियों से प्रमाणित &nbsp;बीज की कीमतों में बढ़ोतरी के साथ ही किसानों को मिलने वाली अनुदान राशि में भी कटौती की गई है। बीज निगम के अनुसार बीजों &nbsp;के विक्रय दरें प्रमाणित बीजों की दरों का निर्धारण करते समय भाारत सरकार एवं राज्य सरकार द्वारा संचालित विभिन्न योजनाओं में किए गए प्रावधान के अनुसार उत्पादन एवं वितरण अनुदान की राशि को घटाकर विक्रय दर निर्धारित किया गया है।<br />\r\n<strong>प्रमाणित बीज-किस्म-दरें</strong><br />\r\nगेंहू -उंची किस्म-3400<br />\r\n<strong>गेहूं -बौनी किस्म-2960</strong><br />\r\nचना-सभी किस्में-5200<br />\r\n<strong>मटर-सभी किस्में-9000</strong><br />\r\nमसूर-सभी किस्में-700<br />\r\n<strong>तिवड़ा-सभी किस्में-5200</strong><br />\r\nसरसों-सभी किस्में-5750<br />\r\n<strong>अलसी-सभी किस्में-5600</strong><br />\r\nकुसुम-सभी किस्में-5750<br />\r\n<strong>तोरिया-सभी किस्में-5030</strong></p>', 'Chhattisgrah beej vikash nigam', 'chhattisgrah news, durg nnews, beej vikash nigam news, certifeid seeds, chana seeds, ', 'सहकारी मर्यादित समितियों से प्रमाणित  बीज की कीमतों में बढ़ोतरी के साथ ही किसानों को मिलने वाली अनुदान राशि में भी कटौती की गई है।', 1, '2020-11-08 18:30:30', '2020-11-01 14:16:31', 1, 1),
(3, 'मुख्यमंत्री ने 30 विभूतियों सहित तीन स्थानों को राज्य अलंकरण से किया विभूषित', 'Chief Minister differentiated three places including 30 persons with rajya alankaran', 'Chief-Minister-differentiated-three-places-including-30-persons-with-rajya-alankaran-3', '<p><span style="font-size:20px">मुख्यमंत्री ने 30 विभूतियों सहित तीन स्थानों को राज्य अलंकरण से किया विभूषित</span></p>\r\n\r\n<p><span style="font-size:20px">भिलाई.</span>छत्तीसगढ़ राज्य स्थापना दिवस पर संगीत कला, खेल, महिला उत्थान, सहकारिता,सौहार्द एवं अनुकरणीय सहायता करने वाले दानवीर, सामाजिक आर्थिक शैक्षणिक क्षेत्र में अभिनव प्रयत्न करने वाले, आयुर्वेद चिकित्सा, कृषि, आदिवासियों की सेवा और उत्थान, पत्रकारिता सहित अन्य क्षेत्र में उल्लेखनीय कार्य करने वाले 30विभूतियों और तीन संस्थानों को राज्य अलंकरण से नवाजा गया। छत्तीगढ़ राज्य स्थापना के 20वां दिवस पर मुख्यमंत्री निवास में अलंकरण समारोह हुआ। जहां राज्यपाल सुश्री अनुसुइया उइके की वर्चुअल उपस्थिति में मुख्यमंत्री भूपेश बघेल ने राज्य अलंकरण से विभूषित किया।&nbsp;<br />\r\n<span style="font-size:18px">इन हाउस हुआ राज्योत्सव</span><br />\r\nइस बार राज्योत्सव समारोह सार्वजनिक रूप से नहीं हुआ। कोरोना संक्रमण की वजह से राज्योत्सव इन हाउस हुआ। कार्यक्रम में विधानसभा अध्यक्ष डॉ चरणदास महंत, नेता प्रतिपक्ष धरमलाल कौशिक सरकार के केबिनेट मंत्री ताम्रध्वज साहू, रविन्द्र चौबे, मोहम्मद अकबर, अनिला भेडिय़ा, प्रेम साय सिंह, संसदीय सचिव, विधायक के शामिल हुए।<br />\r\n<span style="font-size:18px">राज्य अलंकरण से इन्हें किया विभूषित</span><br />\r\n<span style="font-size:18px">1.सम्मान-शहीद वीर नारायण सिंह</span><br />\r\nग्रहिता के नाम- रूपसाय नेताम सरईटोला धमतरी<br />\r\nउल्लेखनीय कार्य- 500 बच्चों को नि:शुल्क कोचिंग, आदिवासी एवं पिछड़ा वर्ग के उत्थान के लिए झांकी के माध्यम से प्रचार-प्रसार।<br />\r\n<span style="font-size:18px">2.सम्मान-यति यतनलाल</span><br />\r\nग्रहिता के नाम- बढ़ते कदम रायपुर,&nbsp;<br />\r\nउल्लेखनीय कार्य- अहिंसा और गौ रक्षा, ग्राम मुरेठी में मंदिर-हसौद में घायल एवं बीमार गायों को गौशाला लाकर का उपचार और देखभाल की व्यवस्था किया।&nbsp;</p>\r\n\r\n<p><span style="font-size:18px">3.सम्मान-गुंडाधूर&nbsp;</span><br />\r\nग्रहिता के नाम- आकर्षी कश्यप दुर्ग<br />\r\nउल्लेखनीय कार्य-बैडमिंटन खेल में पोखरा, नेपाल में 2019 में हुए साउथ एरिश्यन गेम्स में स्वर्ण पदक हासिल कर प्रदेश को गौरवान्वित किया।</p>\r\n\r\n<p><span style="font-size:18px">4.सम्मान-मिनीमाता</span><br />\r\nग्रहिता के नाम- शहाना कुरैशी दुर्ग&nbsp;<br />\r\nउल्लेखनीय कार्य- महिला उत्थान और जन जागृति।&nbsp;</p>\r\n\r\n<p><span style="font-size:18px">5.सम्मान- &nbsp;प्यारेलाल चंद्राकर सम्मान</span>&nbsp;</p>\r\n\r\n<p>ग्रहिता के नाम- बैजनाथ चंद्राकर<br />\r\nउल्लेखनीय कार्य-सहकारिता जिला सहकारी बैंक&nbsp;&nbsp;</p>\r\n\r\n<p><span style="font-size:18px">6.सम्मान-स्व हाजी हसन अली&nbsp;</span><br />\r\nग्रहिता के नाम-हनीफ नजमी धमतरी<br />\r\nउल्लेखनीय कार्य- उर्दू भाषा के प्रचार-प्रसार।<br />\r\n<span style="font-size:18px">7.सम्मान-महाराजा प्रवीरचंद भंजदेव</span><br />\r\nग्रहिता के नाम-यर्वज्ञ मरकाम, बिलासपुर<br />\r\nउल्लेखनीय कार्य- राष्ट्रीय तीरंदाजी प्रतियोगिता में स्वर्ण पदक प्राप्त कर राज्य को गौरवान्वित किया।<br />\r\n<span style="font-size:18px">8.सम्मान- पंडित रविशंकर शुक्ल&nbsp;</span><br />\r\nग्रहिता के नाम- आचार्य रमेन्द्रनाथ मिश्र&nbsp;<br />\r\nउल्लेखनीय कार्य-सामाजिक, आर्थिक, शिक्षा एवं इतिहास के क्षेत्र में अभिनव शोध।<br />\r\n<span style="font-size:18px">9.सम्मान- पंडित सुंदर लाल शर्मा</span><br />\r\nग्रहिता के नाम-जीवननाथ मिश्र&nbsp;<br />\r\nउल्लेखनीय कार्य- राज्य के साहित्यिक पुरोधाओं एवं अंबिकापुर-सरगुजा अंचल की विशेष पिछड़ी जनजाति पर शोध-लेखन, संपादन ।<br />\r\n<span style="font-size:18px">10.सम्मान- चक्रधर</span><br />\r\nग्रहिता के नाम-डॉ.भारती बंधु रायपुर&nbsp;<br />\r\nउल्लेखनीय कार्य-कबीर गायन, संगीत एवं कला ।<br />\r\n<span style="font-size:18px">11.सम्मान- दाउ मंदराजी&nbsp;</span><br />\r\nग्रहिता के नाम-शिवकुमार दीपक और रूपसाय सलाम रेमावंड नारायणपुर<br />\r\nउल्लेखनीय कार्य- लोककला, नृत्य, संगीत और शिल्प।<br />\r\n<span style="font-size:18px">12.सम्मान- डॉ खूबचंद बघेल</span><br />\r\nग्रहिता के नाम-एनेश्वर वर्मा पारागांव खुर्द राजनांदगांव<br />\r\nउल्लेखनीय कार्य- उन्नत खेती, तकनीकी विधि से पशुपालन तथा उद्यानिकी फसलों के लिए किसानों को प्रोत्साहित करना।&nbsp;<br />\r\n1<span style="font-size:18px">3.सम्मान- अखिल भारतीय महाराज अग्रसेन &nbsp;</span><br />\r\nग्रहिता के नाम-रामअवतार अग्रवाल<br />\r\nउल्लेखनीय कार्य- सामाजिक समरसता,&nbsp;<br />\r\n<span style="font-size:18px">14.सम्मान- भगवान धनवंतरी</span><br />\r\nग्रहिता के नाम-गौतमचंद जैैन रायपुर<br />\r\nउल्लेखनीय कार्य- आयुर्वेद चिकित्सा<br />\r\n<span style="font-size:18px">15.सम्मान- बिलासा बाई केंवटीन</span><br />\r\nग्रहिता के नाम-गौरव सलूजा रायगढ़&nbsp;<br />\r\nउल्लेखनीय कार्य- मछली पालन<br />\r\n<span style="font-size:18px">16.सम्मान- डॉ भंवर सिंह पोर्ते</span><br />\r\nग्रहिता के नाम-शंभू शक्ति&nbsp;<br />\r\nउल्लेखनीय कार्य- आदिवासियों की सेवा और उत्थान&nbsp;<br />\r\n<span style="font-size:18px">17.सम्मान- पंडित लखनलाल मिश्र</span><br />\r\n&nbsp;ग्रहिता के नाम-दिव्या शर्मा, रायपुर&nbsp;<br />\r\nउल्लेखनीय कार्य- अपराध अनुसंधान<br />\r\n<span style="font-size:18px">18.सम्मान-महाराजा रामनुज प्रताप सिंहदेव</span><br />\r\nग्रहिता के नाम-हरिश मित्तल अंबुजा सीमेंस्ट लिमिटेड बलौदाबाजार&nbsp;<br />\r\nउल्लेखनीय कार्य- प्रौद्योगिकी और आधुनिक उपकरण का इस्तेमाल&nbsp;<br />\r\n1<span style="font-size:18px">9.सम्मान- .चंदूलाल चंद्राकर स्मृति पत्रकारिता पुरस्कार</span><br />\r\nग्रहिता के नाम-ब्रह्मवीर सिंह, संपादक, हरिभूमि रायपुर<br />\r\nग्रहिता के नाम- ममता लांजेवार, रिपोर्टर- इलेक्ट्रानिक मीडिया,&nbsp;<br />\r\n<span style="font-size:18px">20.सम्मान-संस्कृत भाषा सम्मान</span><br />\r\nग्रहिता के नाम-कुमुद कान्हें<br />\r\nउल्लेखनीय कार्य-संस्कृत भाषा<br />\r\n<span style="font-size:18px">21.सम्मान-बैरिस्टर ठाकुर छेदीलाल</span><br />\r\nग्रहिता के नाम- डॉ. विनोद चोपड़ा और डॉ निर्मल शुक्ला (2018-19 सयुंक्त रूप से)<br />\r\nउल्लेखनीय कार्य- डॉ. चोपड़ा ने बीएसपी में सुरक्षित भविष्य और डॉ. शुक्ला को विधि &nbsp;शैक्षणिक क्षेत्र में प्रशासन और अकादमिक लेखन के लिए पुरस्कृत किया गया।&nbsp;<br />\r\n<span style="font-size:18px">22.सम्मान-राजराजेश्वरी &nbsp;करूणामाता &nbsp;हाथकरघा प्रोत्साहन पुरस्कार</span><br />\r\nग्रहिता के नाम- कृष्ण कुमार देवांगन बिलार्ईगढ़ और &nbsp;मनहरण देवांगन चंद्रपुर&nbsp;<br />\r\nउल्लेखनीय कार्य- काटन साड़ी की विशिष्ट बुनाई&nbsp;<br />\r\n<span style="font-size:18px">23.सम्मान-बिसाहूदास महंत&nbsp;</span><br />\r\nग्रहिता के नाम- राजेन्द्र देवांगन, राजेश देवांगन, विरेन्द्र देवांगन और राजेश देवांगन चंद्रपुर &nbsp;जांजगीर-चांपा<br />\r\nउल्लेखनीय कार्य- कोसा वस्त्र की बुनाई एवं साड़ी पर डायमंड डिजाइन ।<br />\r\n<span style="font-size:18px">24.सम्मान- पंडित माधवराव स्प्रे&nbsp;</span><br />\r\nग्रहिता के नाम-राजेन्द्र धोड़पकर&nbsp;<br />\r\nउल्लेखनीय कार्य- पत्रकारिता के क्षेत्र में रचनात्मक लेखन&nbsp;<br />\r\n<span style="font-size:18px">25.सम्मान-महाराजा रामनुज प्रताप सिंहदेव</span><br />\r\nग्रहिता के नाम-हरीश मित्तल<br />\r\nउल्लेखनीय कार्य- एनटीपीसी लारा रायगढ़ को श्रमिकों की सुरक्षा ।</p>', 'Chhattisgrah rajya alankarn samaroh-2020', 'Chhattisgrah news, CM. bhupaesh bhaghel, dau mandra ji samman, veer naran singh samman, aakarshi kashayap ', 'छत्तीसगढ़ राज्य स्थापना दिवस पर संगीत कला, खेल, महिला उत्थान, सहकारिता,सौहार्द एवं अनुकरणीय सहायता करने वाले दानवीर, सामाजिक आर्थिक शैक्षणिक क्षेत्र में अभिनव प्रयत्न करने वाले, आयुर्वेद चिकित्सा, कृषि, आदिवासियों की सेवा और उत्थान, पत्रकारिता सहित अन्य क्षेत्र में उल्लेखनीय कार्य करने वाले 30विभूतियों और तीन संस्थानों को राज्य अलंकरण से नवाजा गया। ', 1, '2020-11-07 19:57:04', NULL, 1, 1),
(4, 'गैस सिलेंडर की डिलेवरी में होने वाली परेशानी से बचने अपनाएं ये तरीका', 'Follow this method to avoid problems in the delivery of gas cylinders', 'Follow-this-method-to-avoid-problems-in-the-delivery-of-gas-cylinders-4', '<p><span style="font-size:18px">भिलाई </span>.घरेलू गैस के उपभोक्ता हैं।अब तक मोबाइल नंबर गैस कनेक्शन से लिंक नहीं हुआ है तो आपको सिलेंडर की डिलेवरी के दौरान परेशानी का सामना करना पड़ सकता है।<strong> </strong>भारत सरकार ने &nbsp;घरेलू गैस सिलेंडर के दौरान होने वाले फर्जीवाड़ा को रोकने के लिए डिलेवरी सिस्टम में कुछ बदलाव किया है। बदलाव के तहत गैस सिलेंडर की डिलेवरी के दौरान उपभोक्ता का वेरीफिकेशन के लिए ओटीपी (वन टाइम पासवर्ड) सिस्टम शुरू करने का निर्णय लिया है। प्रायलट प्रोजेक्ट के तहत यह व्यवस्था 1 नवंबर से कुछ शहरों में लागू हो जाएगी। आदेश लागू होने के बाद बिना ओटीपी (वन टाइम पासवर्ड)वेरीफिकेशन के गैस सिलेंडर की डिलेवर नहीं किया जाएगा।&nbsp;<br />\r\nभारत सरकार के आदेश के मुताबिक नई व्यवस्था से कुछ शहरों में आज से लागू हो जाएगी। नई व्यवस्था के मुताबिक गैस कंपनियों के टोल फ्री नंबर से बुकिंग कराने के बाद उपभोक्ता के रजिस्टर्ड मोबाइल नंबर पर ओटीपी भेजा जाएगा। जब एजेंसी के कर्मचारी डिलेवरी के लिए घर पर आएगा तो वह ओटीपी नंबर पूछेगा। नंबर बताने पर ही गैस सिलेंडर देगा।<br />\r\n<span style="font-size:18px">रियल टाइम करेंगे अपडेट</span><br />\r\nजिन उपभोक्ताओं का मोबाइल नंबर गैस कनेक्शन से लिंक नहीं है। उनके मोबाइल नंबर को डिलेवरी ब्वॉय रियल टाइम अपडेट करेगा। ऐप की मदद से उपभोक्ता के मोबाइल नंबर को गैस कनेक्शन से लिंक किया जाएगा। जैसे मोबाइल नंबर लिंक होगा। कंपनी से ओटीपी भेजा जाएगा। नंबर को वैरीफाई करने के बाद गैस सिलेंडर दिया जाएगाा।</p>', 'Follow this method to avoid problems in the delivery of gas cylinders', 'gass cylinder news,  gass delivery news, hp gass, indane gass news', ' भारत सरकार ने  घरेलू गैस सिलेंडर के दौरान होने वाले फर्जीवाड़ा को रोकने के लिए डिलेवरी सिस्टम में कुछ बदलाव किया है। बदलाव के तहत गैस सिलेंडर की डिलेवरी के दौरान उपभोक्ता का वेरीफिकेशन के लिए ओटीपी (वन टाइम पासवर्ड) सिस्टम शुरू करने का निर्णय लिया है।', 0, '2020-11-08 18:45:06', NULL, 1, 1),
(5, 'गैस सिलेंडर की डिलेवरी में होने वाली परेशानी से बचने अपनाएं ये तरीका', 'Follow this method to avoid problems in the delivery of gas cylinders', 'Follow-this-method-to-avoid-problems-in-the-delivery-of-gas-cylinders-5', '<p><span style="font-size:18px">भिलाई </span>.घरेलू गैस के उपभोक्ता हैं।अब तक मोबाइल नंबर गैस कनेक्शन से लिंक नहीं हुआ है तो आपको सिलेंडर की डिलेवरी के दौरान परेशानी का सामना करना पड़ सकता है।<strong> </strong>भारत सरकार ने &nbsp;घरेलू गैस सिलेंडर के दौरान होने वाले फर्जीवाड़ा को रोकने के लिए डिलेवरी सिस्टम में कुछ बदलाव किया है। बदलाव के तहत गैस सिलेंडर की डिलेवरी के दौरान उपभोक्ता का वेरीफिकेशन के लिए ओटीपी (वन टाइम पासवर्ड) सिस्टम शुरू करने का निर्णय लिया है। प्रायलट प्रोजेक्ट के तहत यह व्यवस्था 1 नवंबर से कुछ शहरों में लागू हो जाएगी। आदेश लागू होने के बाद बिना ओटीपी (वन टाइम पासवर्ड)वेरीफिकेशन के गैस सिलेंडर की डिलेवर नहीं किया जाएगा।&nbsp;<br />\r\nभारत सरकार के आदेश के मुताबिक नई व्यवस्था से कुछ शहरों में आज से लागू हो जाएगी। नई व्यवस्था के मुताबिक गैस कंपनियों के टोल फ्री नंबर से बुकिंग कराने के बाद उपभोक्ता के रजिस्टर्ड मोबाइल नंबर पर ओटीपी भेजा जाएगा। जब एजेंसी के कर्मचारी डिलेवरी के लिए घर पर आएगा तो वह ओटीपी नंबर पूछेगा। नंबर बताने पर ही गैस सिलेंडर देगा।<br />\r\n<span style="font-size:18px">रियल टाइम करेंगे अपडेट</span><br />\r\nजिन उपभोक्ताओं का मोबाइल नंबर गैस कनेक्शन से लिंक नहीं है। उनके मोबाइल नंबर को डिलेवरी ब्वॉय रियल टाइम अपडेट करेगा। ऐप की मदद से उपभोक्ता के मोबाइल नंबर को गैस कनेक्शन से लिंक किया जाएगा। जैसे मोबाइल नंबर लिंक होगा। कंपनी से ओटीपी भेजा जाएगा। नंबर को वैरीफाई करने के बाद गैस सिलेंडर दिया जाएगाा।</p>', 'Follow this method to avoid problems in the delivery of gas cylinders', 'gass cylinder news,  gass delivery news, hp gass, indane gass news', ' भारत सरकार ने  घरेलू गैस सिलेंडर के दौरान होने वाले फर्जीवाड़ा को रोकने के लिए डिलेवरी सिस्टम में कुछ बदलाव किया है। बदलाव के तहत गैस सिलेंडर की डिलेवरी के दौरान उपभोक्ता का वेरीफिकेशन के लिए ओटीपी (वन टाइम पासवर्ड) सिस्टम शुरू करने का निर्णय लिया है।', 1, '2020-11-07 19:57:30', '2020-11-01 14:16:31', 1, 1),
(6, 'सस्ता में सोने बेचने का लालच देकर व्यापारी को बुलाया, फिर किया ये...', 'The merchant  Calling with the temptation to sell gold for cheap rate.', 'The-merchant--Calling-with-the-temptation-to-sell-gold-for-cheap-rate.-6', '<p><strong>जगदलपुर. </strong>अपराधी कितना शातिर ही क्यों न हो। वह पुलिस की शिंकजों में फंस ही जाता है। उन्हें जेल की हवा खानी ही पड़ती है। ऐसी ही ताजा मामला बस्तर जगदलपुर में सामने आया है। जहंा चार आरोपियों ने पैसों की लालच में बर्तन व्यापारी संतोष जैन की हत्या कर दिया। शातिर अपराधियों ने व्यापारी जैन के परिवार से पैसे लुटकर फरार होने की योजना बनाई थी, लेकिन जगदलपुर पुलिस की मुस्तैदी ने तीन दिनों के अंदर व्यापारी जैन का अपहरण और हत्या की गुत्थी को सुलझा लिया। &nbsp;चारो आरोपियों को गिरफ्तार कर जेल भेज दिया। &nbsp;<br />\r\nअतिरिक्त पुलिस अधीधक ओपी शर्मा ने 4 नवंबर को इस मामले का खुलासा किया। पत्रकारवार्ता में बताया कि बर्तन व्यापारी संतोष जैन का अपहरण की साजिश उनके दोस्तों ने रची। अपहरण के बाद 10 लाख की फिरौती लेने के बाद व्यापारी की हत्या कर दिया। जैन की हत्या में संतोषी वार्ड के रहने वाले उमेश यादव शांति नगर निवासी गुडडा उर्फ भरत सोनी, नियानार निवासी आजमन सेठिया, गीदम नाका निवासी जैकी उर्फ जय प्रकाश शामिल थे।&nbsp;<br />\r\n<strong>कॉल डिटेल से खुल गया राज</strong><br />\r\nपुलिस ने बताया कि व्यापारी जैन को 25 अक्टूबर को उमेश यादव व अन्य ने फोन कर बताया था कि उनके पास लगभग दो किलो सोना है। जिसे वह सस्ते दाम में बेचना चाहते हैं। व्यापारी जैन पहले से उनको जानते थे। इसलिए वह उनके झांसे में आ गया। अकेले की बस स्टैंड चला गया। यहां पहुंचने पर आरोपियों ने जैन को बताया कि सोना नियानार में आजमन सेठिया के घर में है। जब संतोष नियानार सेठिया के घर पहुंचा तो चारों ने उसे अगवा कर लिया। कुछ समय के बाद संतोष के फोन नंबर से परिवार के सदस्यों को फोन कर 10 लाख रूपए से ज्यादा रकम की मांग की। 26 अक्टूबर को परिवार वालों ने पैसे भी दिए। पैसे लेने के बाद आरोपियों ने जैन की हत्या कर दिया।&nbsp;</p>', 'Chhattisgrah news, crime news jagdalpur, marchent santosh jain story, cheap rate in gold ', ' crime news jagdalpur, marchent santosh jain story, cheap rate in gold, baster news chhattisgrah', 'बर्तन व्यापारी संतोष जैन का अपहरण की साजिश उनके दोस्तों ने रची। अपहरण के बाद 10 लाख की फिरौती लेने के बाद व्यापारी की हत्या कर दिया। जैन की हत्या में संतोषी वार्ड के रहने वाले उमेश यादव शांति नगर निवासी गुडडा उर्फ भरत सोनी, नियानार निवासी आजमन सेठिया, गीदम नाका निवासी जैकी उर्फ जय प्रकाश शामिल थे। ', 0, '2020-11-08 18:44:28', NULL, 1, 1),
(7, 'सस्ता सोने के लालच में फंस गया व्यापारी, फिर हुआ ये ...', 'The merchant  Calling with the temptation to sell gold for cheap rate.', 'The-merchant--Calling-with-the-temptation-to-sell-gold-for-cheap-rate.-7', '<p><strong>जगदलपुर. </strong>अपराधी कितना शातिर ही क्यों न हो। वह पुलिस की शिंकजों में फंस ही जाता है। उन्हें जेल की हवा खानी ही पड़ती है। ऐसी ही ताजा मामला बस्तर जगदलपुर में सामने आया है। जहंा चार आरोपियों ने पैसों की लालच में बर्तन व्यापारी संतोष जैन की हत्या कर दिया। शातिर अपराधियों ने व्यापारी जैन के परिवार से पैसे लुटकर फरार होने की योजना बनाई थी, लेकिन जगदलपुर पुलिस की मुस्तैदी ने तीन दिनों के अंदर व्यापारी जैन का अपहरण और हत्या की गुत्थी को सुलझा लिया। &nbsp;चारो आरोपियों को गिरफ्तार कर जेल भेज दिया। &nbsp;<br />\r\nअतिरिक्त पुलिस अधीधक ओपी शर्मा ने 4 नवंबर को इस मामले का खुलासा किया। पत्रकारवार्ता में बताया कि बर्तन व्यापारी संतोष जैन का अपहरण की साजिश उनके दोस्तों ने रची। अपहरण के बाद 10 लाख की फिरौती लेने के बाद व्यापारी की हत्या कर दिया। जैन की हत्या में संतोषी वार्ड के रहने वाले उमेश यादव शांति नगर निवासी गुडडा उर्फ भरत सोनी, नियानार निवासी आजमन सेठिया, गीदम नाका निवासी जैकी उर्फ जय प्रकाश शामिल थे।&nbsp;<br />\r\n<strong>कॉल डिटेल से खुल गया राज</strong><br />\r\nपुलिस ने बताया कि व्यापारी जैन को 25 अक्टूबर को उमेश यादव व अन्य ने फोन कर बताया था कि उनके पास लगभग दो किलो सोना है। जिसे वह सस्ते दाम में बेचना चाहते हैं। व्यापारी जैन पहले से उनको जानते थे। इसलिए वह उनके झांसे में आ गया। अकेले की बस स्टैंड चला गया। यहां पहुंचने पर आरोपियों ने जैन को बताया कि सोना नियानार में आजमन सेठिया के घर में है। जब संतोष नियानार सेठिया के घर पहुंचा तो चारों ने उसे अगवा कर लिया। कुछ समय के बाद संतोष के फोन नंबर से परिवार के सदस्यों को फोन कर 10 लाख रूपए से ज्यादा रकम की मांग की। 26 अक्टूबर को परिवार वालों ने पैसे भी दिए। पैसे लेने के बाद आरोपियों ने जैन की हत्या कर दिया।&nbsp;</p>', 'Chhattisgrah news, crime news jagdalpur, marchent santosh jain story, cheap rate in gold ', ' crime news jagdalpur, marchent santosh jain story, cheap rate in gold, baster news chhattisgrah', 'बर्तन व्यापारी संतोष जैन का अपहरण की साजिश उनके दोस्तों ने रची। अपहरण के बाद 10 लाख की फिरौती लेने के बाद व्यापारी की हत्या कर दिया। जैन की हत्या में संतोषी वार्ड के रहने वाले उमेश यादव शांति नगर निवासी गुडडा उर्फ भरत सोनी, नियानार निवासी आजमन सेठिया, गीदम नाका निवासी जैकी उर्फ जय प्रकाश शामिल थे। ', 1, '2020-11-06 21:36:06', NULL, 1, 1),
(8, 'कोरोना के कॉलर ट्यून को बंद करना चाहते हैं तो आपे ये कीजिए', 'mobile users stop to caller tune', 'mobile-users-stop-to-caller-tune-8', '<p><br />\r\nभिलाई.दूर संचार कंपनियों ने अपने ग्राहकों को&nbsp;मोबाइल यूजर्स अपने इच्छानुसार कोरोना के कॉलर ट्यून को रख सकते हैं। दूर संचार कंपनियों ने अपने उपभोक्ताओं के लिए इच्छानुसार कॉलर ट्यून को चयन करने की सुविधा देने का निर्णय लिया है। इसके लिए दूर संचार कंपनियों ने अपने यूजर्स के लिए छह अंको का नंबर जारी किया है। इस नंबर को अपने मोबाइल के मैसेज बाक्स में टाइप कर कंपनी को भेज कर कॉलर ट्यून को बंद करने के लिए कह सकते हैं।&nbsp;</p>\r\n\r\n<p>जिओ यूजर्स<br />\r\nजिओ यूजर्स अपने मोबाइल के मैसेज बाक्स में स्टॉप टू 155223 नंबर टाइप को सेंड कर सकते हैं। वोडाफोन यूजर्स मेसेज बाक्स में कान्टेक्ट टू 144 टाइप कर सेंड कर सकते हैं। एयरटेल के यूजर*646*224प्त और प्रेस-1 कर कोरोना के कॉलर ट्यून को बंद करने की अपील कर सकते हैं। बीएसएनएल यूजर्स मेसेज बाक्स में यूएनएस टाइप करें और 56700 पर भेज दें। या फिर 56799 भी मेसेज भेज सकते हैं।&nbsp;</p>', 'Chhattisgrah news, crime news jagdalpur, marchent santosh jain story, cheap rate in gold ', 'informayion news telecommuniction', 'जर्स अपने मोबाइल के मैसेज बाक्स में स्टॉप टू 155223 नंबर टाइप को सेंड कर सकते हैं। वोडाफोन यूजर्स मेसेज बाक्स में कान्टेक्ट टू 144 टाइप कर सेंड कर सकते हैं। एयरटेल के यूजर*646*224प्त और प्रेस-1 कर कोरोना के कॉलर ट्यून को बंद करने की अपील कर सकते हैं। ', 1, '2020-11-06 22:13:58', NULL, 1, 1),
(9, '200 साल पुराना मंदिर से आधी रात निकलता है राजा घोड़ा', 'Raja Ghughus is a midnight emanation from a 200 years old temple.', 'Raja-Ghughus-is-a-midnight-emanation-from-a-200-years-old-temple.-9', '<p>भिलाई.सुरही नदी तट पर एक टीले में प्राचीन व अनूठा मंदिर है। जहां राजा घुघुस विराजमान है। यह करीब 200 साल पुराना है। इस मंदिर के बारे में यह किवदंती है भ्रमण पर निकले राजा और उनके सैनिक शिला बन गए हैं। मंदिर से आधी रात को घोड़े का दल निकलता है। शहर का भ्रमण कर पहरेदारी करता है। मंदिर के पुजारी राधेश्याम मरकाम बताते हैं कि राजा घुघुस को नगर देवता कहा जाता है। नगर देवता होने के नाते राजा का सैनिक शहर का भ्रमण करते हैं। कई बार आसपास के रहवासियों ने रात में घोड़ों की चलने की आवाज सुना गया है।<br />\r\nयह मंदिर बेमेतरा जिला मुख्यालय से दुर्ग रोड पर 30 किलोमीटर की दूरी पर देवकर में स्थित है। यहां पर दो मंदिर है। एक मंदिर के गर्भगृह में घिसे मुखवाली नृसिंह प्रतिमा विराजमान हैं। जिसे स्थानीय लोग घुघुस राजा (आदिवासी मिथक के नायक ) के रूप में मानते हैं। दूसरे मंदिर में हुनमान जी की प्रतिमा स्थापित है। छत्तीसगढ़ एवं पुरातत्व विभाग के अनुसार ये दोनों मंदिर 17-18वीं शती में निर्मित हुए हैं।<br />\r\nपुजारी राधेश्याम मरकाम का कहना है कि राजा घुघुस के बारे में कोई लिखित प्रमाण नहीं है। उनके पुर्वुजों से जो जानकारी मिली है। उसके मुताबिक यह मंदिर 200 साल पुराना हैं।&nbsp; एक बार राजा अपने सैनिकों के साथ कहीं जा रहे थे। रात्रि होने पर देवकर में सुरही नदी तट पर विश्राम करने के लिए रूके। जैसे ही राजा तंबू के नीचे जाकर बैठा। उनके लोग प्रस्तर (पत्थर) बन गए। जो जिस अवस्था मेें थे। वे वैसे ही प्रतिमा बन गए। घोड़ा में सवार थे। उनकी वैसे ही प्रतिमा थी। सैनिक जो भाला लिए हुए आगे बढ़ रहे थे। वह भी उसी रूप में प्रतिमा बन के रूप में विराजित था। स्तंभ और शिलालेख हैं। शिला में कुछ वाक्य लिखी हुई है। जिसे अभी तक कोई नहीं पढ़ पाया।</p>', 'Anciant raja ghughus temple', 'chhattisgra news, bemetra  new, deokar news, anciant temple,raja ghughus temple, hanuman temple', 'यह मंदिर बेमेतरा जिला मुख्यालय से दुर्ग रोड पर 30 किलोमीटर की दूरी पर देवकर में स्थित है। यहां पर दो मंदिर है। एक मंदिर के गर्भगृह में घिसे मुखवाली नृसिंह प्रतिमा विराजमान हैं।', 1, '2020-11-08 17:36:12', NULL, 1, 1),
(10, 'जीएसटी कलेक्शन में छत्तीसगढ़ देश भर में पहले पायदान पर- मुख्यमंत्री', 'Chhattisgarh ranks first in country in GST collection- Chief Minister', 'Chhattisgarh-ranks-first-in-country-in-GST-collection--Chief-Minister-10', '<p><strong>दुर्ग.</strong>पाटन विधानसभा क्षेत्र के आर जामगांव में जनसंपर्क यात्रा के दौरान मुख्यमंत्री भूपेश बघेल ने कहा कि अक्टूबर में छत्तीसगढ़ जीएसटी कलेक्शन में देश में पहले पायदान पर है। इससे यह साबित होता है कि प्रदेश की अर्थव्यवस्था ठीक है। मुख्यमंत्री ने कहा कि छत्तीसगढ़ में चल रही योजनाओं का लाभ सभी वर्गों तक पहुंच रहा है। चाहे वह राजीव गांधी किसान न्याय योजना हो या फिर गोधन न्याय योजना। इन योजनाओं के माध्यम से ग्रामीण अर्थव्यवस्था को सक्रिय बनाए रखा। मनरेगा के कार्य में प्रदेश अग्रणी रहे। 100 दिन रोजगार देने के मामले में छत्तीसगढ़ स्थान पर रहे। इन तीनों योजनाओं के माध्यम से कोरोना के आर्थिक दुष्प्रभाव को कम करने मदद मिली।<br />\r\n<strong>आमदनी में हो रही वृद्धि</strong><br />\r\nराजीव गांधी किसान न्याय योजना की किस्त ऐसे समय में दी गई। जब किसानों को खेती किसानी के लिए राशि की जरूरत थी। गोधन न्याय योजना से कृषि के साथ पशुपालन को बढ़ावा मिलेगा। इससे किसान की आमदनी में वृध्दि हो रही है।<br />\r\n<strong>स्वास्थ्य सुविधाओं पर दे रहे ध्यान</strong><br />\r\nमुख्यमंत्री ने कहा कि ग्रामीण क्षेत्र की मांग के अनुसार स्वास्थ्य सुविधा बढ़ाने की दिशा में काम कर रहे हैं। प्राथमिक और सामुदायिक स्वास्थ्य केन्द्रों का परीक्षण कराया जा रहा है। इसमें कुछ समय लग सकता है। इसलिए मोबाइल मेडिकल यूनिट शुरू किया गया है। जो निर्धारित रूट के अनुसार गांवों में जाकर लोगों का इलाज करेंगे। चिकित्सक की सलाह के अनुसार मौके पर टेस्ट भी किया जाएगा। मुख्यमंत्री ने कांग्रेस के वरिष्ठ नेता व शहीद नंदकुमार पटेल सहित झीरम घाटी में शहीद हुए जवानों को श्रद्धाजंलि दी।</p>\r\n\r\n<p>&nbsp;</p>', 'chhattishgrah cm public relation campegn', 'Chhattishgrah news, durg news, Cm bhupesh bhaghel, gst collection top, godhan nayay yojan', 'मुख्यमंत्री भूपेश बघेल ने कहा कि अक्टूबर में छत्तीसगढ़ जीएसटी कलेक्शन में देश में पहले पायदान पर है।', 1, '2020-11-08 18:43:26', NULL, 1, 1),
(11, 'कॉलेजों में ऑनलाइन पढ़ाई शुरू', 'Start studying online in colleges', 'Start-studying-online-in-colleges-11', '<p><strong>भिलाई.</strong>कोरोना संक्रमण की वजह से बंद महाविद्यालयों और विश्वविद्यालयों की कक्षाएं दो नवंबर से शुरू हो गई है। प्रदेश के ज्यादातर महाविद्यालय और विश्वविद्यालयों ने ऑनलाइन पढ़ाई के साथ यूनिवर्सिटी ग्रांड कमीशन के गाइड लाइन के अनुसार कक्षाओं में पढ़ाई शुरू करने की तैयारी में जुट गई है।<br />\r\nभारत सरकार ने अनलॉक-5 के अंतर्गत विश्वविद्यालय और महाविद्यालयों की पढ़ाई के लिए गाइडलाइन जारी कर निर्णय राज्यों पर छोड़ दिया था। भारत सरकार की गाइडलाइन के मुताबिक छत्तीसगढ़ के उच्च शिक्षा विभाग ने पंडित रविशंकर शुक्ल विश्वविद्यालय रायपुर, बिलासपुर विश्वविद्यालय, सरगुजा विश्वविद्यालय, हेमचंद यादव विश्वविद्यालय दुर्ग, बस्तर विश्वविद्यालय के प्राध्यापक-प्राध्यापकों और छात्र-छात्राओं से फीडबैक लिया था। जिसमें अधिकतर प्राध्यापकों ने दिसंबर से कक्षाओं में पढ़ाई शुरू करने के लिए सहमति दी थी। प्राध्यापकों और छात्रों की सहमति के अनुसार 2 नवंबर से ऑनलाइन क्लॉस लग रही है।<br />\r\n<strong>अभी नहीं खुलेगा स्कूल</strong><br />\r\nस्कूल खोलने पर अब तक अंतिम निर्णय नहीं लिया जा सका है। कोरोना के संक्रमण की वजह केन्द्र सरकार ने स्कूल खोलने का फैसला नहीं किया है। राज्यों को भी कोई ढिलाई नहीं दिया है। बता दें कि नवंबर में कोरोना की संक्रमण नियंत्रित होने की स्थिति में भारत सरकार दिसंबर से विश्वविद्यालय और महाविद्यालयों कक्षाओं में पढ़ाई शुरू करने के पक्ष में है। शैक्षणिक कैलेंडर के मुताबिक महाविद्यज्ञालयों में पढ़ाई नहीं होने की वजह से एमएचआरडी मंत्रालय ने उच्च शिक्षा विभाग के पाठ्यक्रम में 30 फीसद कटैाती का निर्णय लिया है।</p>', 'corona virus desaese stop to collage study', 'chhattishgrah news,ugc news, collage studty, minister umesh patel', 'स्कूल खोलने पर अब तक अंतिम निर्णय नहीं लिया जा सका है। कोरोना के संक्रमण की वजह केन्द्र सरकार ने स्कूल खोलने का फैसला नहीं किया है। ', 1, '2020-11-08 19:01:33', NULL, 1, 1),
(12, 'कोरोना का संक्रमण अभी नहीं हुआ समाप्त,लगाएं मास्क', 'Corona infection not finished yet, apply mask', 'Corona-infection-not-finished-yet,-apply-mask-12', '<p><strong>भिलाई</strong>.कोविड-19 महामारी के दुनिया भर में फैले संक्रमण का विश्व स्वास्थ्य संगठन ने विश्लेषण कर एक रिपोर्ट जारी किया है। जिसके मुताबिक गाइडलाइन का पालन नहीं करने की वजह से कोरोना का संक्रमण तेजी से फैल रहा है। विश्व स्वास्थ्य संगठन के रिपोर्ट के मुताबिक इनडोर पब्लिक प्लेस, घरों में &nbsp;और ऐसे समुदाय जहां स्वयं की सुरक्षा के उपाय जैसे मास्क नहीं पहनना, एक-दूसरे से पर्याप्त या कम से कम 1 मीटर की दूरी और हाथ साबुन से धोते रहना , जैसे उपाय नही किए जा रहे हैं। इस वजह से वहंा संक्रमण अधिक फैल रहा है।<br />\r\nविश्व स्वास्थ्य संगठन के छत्तीसगढ़ के सब रिजनल टीम लीडर डॉ.प्रणित कुमार के. फटाले ने कहा कि अभी कोरोना संक्रमण का समाप्त नहीं हुआ है। कोरोना का संक्रमण अपने आप समाप्त भी नहीं होगा। हमें ही अपने तरीके बदलने होंगे। तभी इससे निज़ात पा सकेंगे। उन्होने कहा कि यूरोप में फिर से कोरोना का संक्रमण बढऩे लगा है। अस्पताल भरने लगे और एक हजार प्रतिदिन से अधिक मृत्यु भी दर्ज होने लगी। यूरोप में यह महामारी शुरू होने के बाद से सबसे अधिक केस 7 लाख केस अभी गत सप्ताह सामने आए। यह सब इसलिए हुआ क्योंकि विशेषज्ञों द्वारा सुझाए गए उपाय लोगों ने नहीं अपनाए।<br />\r\nडॉ.फटाले ने कहा कि संक्रमित मरीजों के छींकने,खांसने या थूक कीे छोटी बूंदों से यह बीमारी फैलती है। इसलिए कोविड प्रोटोकाल का पूरी तरह पालन करना चाहिए। यह बीमारी सबको अलग-अलग तरह से प्रभावित करती है, जिन्हे पूर्व से हाइपरटेंशन या अन्य कोई गंभीर &nbsp;बीमारी है उन्हे विशेष ध्यान रखना चाहिए। कुछ लोग बिना अस्पताल जाए भी केवल इलाज से भी ठीक हो जाते हैं। कोरोना के सामान्य लक्षण जैसे बुखार, सूखी खांसी या थकान होने पर तुरंत डाक्टर से सलाह लेनी चाहिए।<br />\r\n&nbsp;</p>', 'corona virus not finished,use mask,stay safe', 'chhattisgrah news, who news, corona virus news, dr phatale new', 'संक्रमित मरीजों के छींकने,खांसने या थूक कीे छोटी बूंदों से यह बीमारी फैलती है। इसलिए कोविड प्रोटोकाल का पूरी तरह पालन करना चाहिए। यह बीमारी सबको अलग-अलग तरह से प्रभावित करती है, जिन्हे पूर्व से हाइपरटेंशन या अन्य कोई गंभीर  बीमारी है उन्हे विशेष ध्यान रखना चाहिए। ', 1, '2020-11-08 19:28:42', NULL, 1, 1),
(13, 'कोरोना का संक्रमण अभी नहीं हुआ समाप्त,लगाएं मास्क', 'Corona infection not finished yet, apply mask', 'Corona-infection-not-finished-yet,-apply-mask-13', '<p><strong>भिलाई</strong>.कोविड-19 महामारी के दुनिया भर में फैले संक्रमण का विश्व स्वास्थ्य संगठन ने विश्लेषण कर एक रिपोर्ट जारी किया है। जिसके मुताबिक गाइडलाइन का पालन नहीं करने की वजह से कोरोना का संक्रमण तेजी से फैल रहा है। विश्व स्वास्थ्य संगठन के रिपोर्ट के मुताबिक इनडोर पब्लिक प्लेस, घरों में &nbsp;और ऐसे समुदाय जहां स्वयं की सुरक्षा के उपाय जैसे मास्क नहीं पहनना, एक-दूसरे से पर्याप्त या कम से कम 1 मीटर की दूरी और हाथ साबुन से धोते रहना , जैसे उपाय नही किए जा रहे हैं। इस वजह से वहंा संक्रमण अधिक फैल रहा है।<br />\r\nविश्व स्वास्थ्य संगठन के छत्तीसगढ़ के सब रिजनल टीम लीडर डॉ.प्रणित कुमार के. फटाले ने कहा कि अभी कोरोना संक्रमण का समाप्त नहीं हुआ है। कोरोना का संक्रमण अपने आप समाप्त भी नहीं होगा। हमें ही अपने तरीके बदलने होंगे। तभी इससे निज़ात पा सकेंगे। उन्होने कहा कि यूरोप में फिर से कोरोना का संक्रमण बढऩे लगा है। अस्पताल भरने लगे और एक हजार प्रतिदिन से अधिक मृत्यु भी दर्ज होने लगी। यूरोप में यह महामारी शुरू होने के बाद से सबसे अधिक केस 7 लाख केस अभी गत सप्ताह सामने आए। यह सब इसलिए हुआ क्योंकि विशेषज्ञों द्वारा सुझाए गए उपाय लोगों ने नहीं अपनाए।<br />\r\nडॉ.फटाले ने कहा कि संक्रमित मरीजों के छींकने,खांसने या थूक कीे छोटी बूंदों से यह बीमारी फैलती है। इसलिए कोविड प्रोटोकाल का पूरी तरह पालन करना चाहिए। यह बीमारी सबको अलग-अलग तरह से प्रभावित करती है, जिन्हे पूर्व से हाइपरटेंशन या अन्य कोई गंभीर &nbsp;बीमारी है उन्हे विशेष ध्यान रखना चाहिए। कुछ लोग बिना अस्पताल जाए भी केवल इलाज से भी ठीक हो जाते हैं। कोरोना के सामान्य लक्षण जैसे बुखार, सूखी खांसी या थकान होने पर तुरंत डाक्टर से सलाह लेनी चाहिए।<br />\r\n&nbsp;</p>', 'corona virus not finished,use mask,stay safe', 'chhattisgrah news, who news, corona virus news, dr phatale new', 'संक्रमित मरीजों के छींकने,खांसने या थूक कीे छोटी बूंदों से यह बीमारी फैलती है। इसलिए कोविड प्रोटोकाल का पूरी तरह पालन करना चाहिए। यह बीमारी सबको अलग-अलग तरह से प्रभावित करती है, जिन्हे पूर्व से हाइपरटेंशन या अन्य कोई गंभीर  बीमारी है उन्हे विशेष ध्यान रखना चाहिए। ', 1, '2020-11-08 19:29:00', NULL, 1, 1),
(14, 'कोरोना का संक्रमण अभी नहीं हुआ समाप्त,लगाएं मास्क', 'Corona infection not finished yet, apply mask', 'Corona-infection-not-finished-yet,-apply-mask-14', '<p><strong>भिलाई</strong>.कोविड-19 महामारी के दुनिया भर में फैले संक्रमण का विश्व स्वास्थ्य संगठन ने विश्लेषण कर एक रिपोर्ट जारी किया है। जिसके मुताबिक गाइडलाइन का पालन नहीं करने की वजह से कोरोना का संक्रमण तेजी से फैल रहा है। विश्व स्वास्थ्य संगठन के रिपोर्ट के मुताबिक इनडोर पब्लिक प्लेस, घरों में &nbsp;और ऐसे समुदाय जहां स्वयं की सुरक्षा के उपाय जैसे मास्क नहीं पहनना, एक-दूसरे से पर्याप्त या कम से कम 1 मीटर की दूरी और हाथ साबुन से धोते रहना , जैसे उपाय नही किए जा रहे हैं। इस वजह से वहंा संक्रमण अधिक फैल रहा है।<br />\r\nविश्व स्वास्थ्य संगठन के छत्तीसगढ़ के सब रिजनल टीम लीडर डॉ.प्रणित कुमार के. फटाले ने कहा कि अभी कोरोना संक्रमण का समाप्त नहीं हुआ है। कोरोना का संक्रमण अपने आप समाप्त भी नहीं होगा। हमें ही अपने तरीके बदलने होंगे। तभी इससे निज़ात पा सकेंगे। उन्होने कहा कि यूरोप में फिर से कोरोना का संक्रमण बढऩे लगा है। अस्पताल भरने लगे और एक हजार प्रतिदिन से अधिक मृत्यु भी दर्ज होने लगी। यूरोप में यह महामारी शुरू होने के बाद से सबसे अधिक केस 7 लाख केस अभी गत सप्ताह सामने आए। यह सब इसलिए हुआ क्योंकि विशेषज्ञों द्वारा सुझाए गए उपाय लोगों ने नहीं अपनाए।<br />\r\nडॉ.फटाले ने कहा कि संक्रमित मरीजों के छींकने,खांसने या थूक कीे छोटी बूंदों से यह बीमारी फैलती है। इसलिए कोविड प्रोटोकाल का पूरी तरह पालन करना चाहिए। यह बीमारी सबको अलग-अलग तरह से प्रभावित करती है, जिन्हे पूर्व से हाइपरटेंशन या अन्य कोई गंभीर &nbsp;बीमारी है उन्हे विशेष ध्यान रखना चाहिए। कुछ लोग बिना अस्पताल जाए भी केवल इलाज से भी ठीक हो जाते हैं। कोरोना के सामान्य लक्षण जैसे बुखार, सूखी खांसी या थकान होने पर तुरंत डाक्टर से सलाह लेनी चाहिए।<br />\r\n&nbsp;</p>', 'corona virus not finished,use mask,stay safe', 'chhattisgrah news, who news, corona virus news, dr phatale new', 'संक्रमित मरीजों के छींकने,खांसने या थूक कीे छोटी बूंदों से यह बीमारी फैलती है। इसलिए कोविड प्रोटोकाल का पूरी तरह पालन करना चाहिए। यह बीमारी सबको अलग-अलग तरह से प्रभावित करती है, जिन्हे पूर्व से हाइपरटेंशन या अन्य कोई गंभीर  बीमारी है उन्हे विशेष ध्यान रखना चाहिए। ', 1, '2020-11-08 19:35:44', NULL, 1, 1);

-- 
-- Dumping data for table menu
--
INSERT INTO menu VALUES
(1, 'होम', 'home', '#', 0, 0, 1),
(2, 'एग्रीकल्चर', 'agriculture', 'category/agriculture', 0, 1, 0),
(3, 'राजनीतिक', 'political', 'category/political', 0, 2, 0),
(4, 'जुर्म', 'crime', 'category/crime', 0, 3, 0),
(5, 'जॉब', 'job', 'category/job', 0, 4, 0),
(6, 'शिक्षा', 'education', 'category/education', 0, 5, 0),
(7, 'देश', 'national', 'category/national', 0, 6, 0);

-- 
-- Restore previous SQL mode
-- 
/*!40101 SET SQL_MODE=@OLD_SQL_MODE */;

-- 
-- Enable foreign keys
-- 
/*!40014 SET FOREIGN_KEY_CHECKS = @OLD_FOREIGN_KEY_CHECKS */;